Code Domaine,Domaine,Code zone,Zone,Code Élément,Élément,Code Produit,Produit,Code année,Année,Unité,Valeur,Symbole,Description du Symbole
"TP","Cultures et produits animaux","2","Afghanistan","5610","Importations - Quantité","1058","Viande, volaille","2015","2015","tonnes","41811","","Donnée officielle"
"TP","Cultures et produits animaux","2","Afghanistan","5610","Importations - Quantité","1058","Viande, volaille","2018","2018","tonnes","23913","","Donnée officielle"
"TP","Cultures et produits animaux","202","Afrique du Sud","5610","Importations - Quantité","1058","Viande, volaille","2015","2015","tonnes","317585","","Donnée officielle"
"TP","Cultures et produits animaux","202","Afrique du Sud","5610","Importations - Quantité","1058","Viande, volaille","2018","2018","tonnes","487157","","Donnée officielle"
"TP","Cultures et produits animaux","3","Albanie","5610","Importations - Quantité","1058","Viande, volaille","2015","2015","tonnes","21314","","Donnée officielle"
"TP","Cultures et produits animaux","3","Albanie","5610","Importations - Quantité","1058","Viande, volaille","2018","2018","tonnes","11588","","Donnée officielle"
"TP","Cultures et produits animaux","4","Algérie","5610","Importations - Quantité","1058","Viande, volaille","2018","2018","tonnes","27","R","Données estimées en utilisant les données des pays partenaires"
"TP","Cultures et produits animaux","79","Allemagne","5610","Importations - Quantité","1058","Viande, volaille","2015","2015","tonnes","402178","","Donnée officielle"
"TP","Cultures et produits animaux","79","Allemagne","5610","Importations - Quantité","1058","Viande, volaille","2018","2018","tonnes","496552","","Donnée officielle"
"TP","Cultures et produits animaux","7","Angola","5610","Importations - Quantité","1058","Viande, volaille","2015","2015","tonnes","220538","R","Données estimées en utilisant les données des pays partenaires"
"TP","Cultures et produits animaux","7","Angola","5610","Importations - Quantité","1058","Viande, volaille","2018","2018","tonnes","322678","R","Données estimées en utilisant les données des pays partenaires"
"TP","Cultures et produits animaux","8","Antigua-et-Barbuda","5610","Importations - Quantité","1058","Viande, volaille","2015","2015","tonnes","5878","","Donnée officielle"
"TP","Cultures et produits animaux","8","Antigua-et-Barbuda","5610","Importations - Quantité","1058","Viande, volaille","2018","2018","tonnes","5944","","Donnée officielle"
"TP","Cultures et produits animaux","194","Arabie saoudite","5610","Importations - Quantité","1058","Viande, volaille","2015","2015","tonnes","843509","","Donnée officielle"
"TP","Cultures et produits animaux","194","Arabie saoudite","5610","Importations - Quantité","1058","Viande, volaille","2018","2018","tonnes","621589","","Donnée officielle"
"TP","Cultures et produits animaux","9","Argentine","5610","Importations - Quantité","1058","Viande, volaille","2015","2015","tonnes","666","","Donnée officielle"
"TP","Cultures et produits animaux","9","Argentine","5610","Importations - Quantité","1058","Viande, volaille","2018","2018","tonnes","6624","","Donnée officielle"
"TP","Cultures et produits animaux","1","Arménie","5610","Importations - Quantité","1058","Viande, volaille","2015","2015","tonnes","31780","","Donnée officielle"
"TP","Cultures et produits animaux","1","Arménie","5610","Importations - Quantité","1058","Viande, volaille","2018","2018","tonnes","32212","","Donnée officielle"
"TP","Cultures et produits animaux","10","Australie","5610","Importations - Quantité","1058","Viande, volaille","2015","2015","tonnes","7654","*","Chiffre non officiel"
"TP","Cultures et produits animaux","10","Australie","5610","Importations - Quantité","1058","Viande, volaille","2018","2018","tonnes","5137","*","Chiffre non officiel"
"TP","Cultures et produits animaux","11","Autriche","5610","Importations - Quantité","1058","Viande, volaille","2015","2015","tonnes","42609","","Donnée officielle"
"TP","Cultures et produits animaux","11","Autriche","5610","Importations - Quantité","1058","Viande, volaille","2018","2018","tonnes","47127","","Donnée officielle"
"TP","Cultures et produits animaux","52","Azerbaïdjan","5610","Importations - Quantité","1058","Viande, volaille","2015","2015","tonnes","16374","R","Données estimées en utilisant les données des pays partenaires"
"TP","Cultures et produits animaux","52","Azerbaïdjan","5610","Importations - Quantité","1058","Viande, volaille","2018","2018","tonnes","28239","","Donnée officielle"
"TP","Cultures et produits animaux","12","Bahamas","5610","Importations - Quantité","1058","Viande, volaille","2015","2015","tonnes","8343","","Donnée officielle"
"TP","Cultures et produits animaux","12","Bahamas","5610","Importations - Quantité","1058","Viande, volaille","2018","2018","tonnes","19536","R","Données estimées en utilisant les données des pays partenaires"
"TP","Cultures et produits animaux","13","Bahreïn","5610","Importations - Quantité","1058","Viande, volaille","2015","2015","tonnes","46684","","Donnée officielle"
"TP","Cultures et produits animaux","13","Bahreïn","5610","Importations - Quantité","1058","Viande, volaille","2018","2018","tonnes","54725","","Donnée officielle"
"TP","Cultures et produits animaux","16","Bangladesh","5610","Importations - Quantité","1058","Viande, volaille","2015","2015","tonnes","19","","Donnée officielle"
"TP","Cultures et produits animaux","16","Bangladesh","5610","Importations - Quantité","1058","Viande, volaille","2018","2018","tonnes","221","R","Données estimées en utilisant les données des pays partenaires"
"TP","Cultures et produits animaux","14","Barbade","5610","Importations - Quantité","1058","Viande, volaille","2015","2015","tonnes","122","","Donnée officielle"
"TP","Cultures et produits animaux","14","Barbade","5610","Importations - Quantité","1058","Viande, volaille","2018","2018","tonnes","911","","Donnée officielle"
"TP","Cultures et produits animaux","57","Bélarus","5610","Importations - Quantité","1058","Viande, volaille","2015","2015","tonnes","16580","","Donnée officielle"
"TP","Cultures et produits animaux","57","Bélarus","5610","Importations - Quantité","1058","Viande, volaille","2018","2018","tonnes","7027","","Donnée officielle"
"TP","Cultures et produits animaux","255","Belgique","5610","Importations - Quantité","1058","Viande, volaille","2015","2015","tonnes","175631","","Donnée officielle"
"TP","Cultures et produits animaux","255","Belgique","5610","Importations - Quantité","1058","Viande, volaille","2018","2018","tonnes","208579","","Donnée officielle"
"TP","Cultures et produits animaux","23","Belize","5610","Importations - Quantité","1058","Viande, volaille","2015","2015","tonnes","3","*","Chiffre non officiel"
"TP","Cultures et produits animaux","23","Belize","5610","Importations - Quantité","1058","Viande, volaille","2018","2018","tonnes","15","","Donnée officielle"
"TP","Cultures et produits animaux","53","Bénin","5610","Importations - Quantité","1058","Viande, volaille","2015","2015","tonnes","125294","","Donnée officielle"
"TP","Cultures et produits animaux","53","Bénin","5610","Importations - Quantité","1058","Viande, volaille","2018","2018","tonnes","75324","","Donnée officielle"
"TP","Cultures et produits animaux","18","Bhoutan","5610","Importations - Quantité","1058","Viande, volaille","2015","2015","tonnes","401","R","Données estimées en utilisant les données des pays partenaires"
"TP","Cultures et produits animaux","18","Bhoutan","5610","Importations - Quantité","1058","Viande, volaille","2018","2018","tonnes","1482","R","Données estimées en utilisant les données des pays partenaires"
"TP","Cultures et produits animaux","19","Bolivie (État plurinational de)","5610","Importations - Quantité","1058","Viande, volaille","2015","2015","tonnes","1790","","Donnée officielle"
"TP","Cultures et produits animaux","19","Bolivie (État plurinational de)","5610","Importations - Quantité","1058","Viande, volaille","2018","2018","tonnes","292","","Donnée officielle"
"TP","Cultures et produits animaux","80","Bosnie-Herzégovine","5610","Importations - Quantité","1058","Viande, volaille","2015","2015","tonnes","10811","","Donnée officielle"
"TP","Cultures et produits animaux","80","Bosnie-Herzégovine","5610","Importations - Quantité","1058","Viande, volaille","2018","2018","tonnes","8600","","Donnée officielle"
"TP","Cultures et produits animaux","20","Botswana","5610","Importations - Quantité","1058","Viande, volaille","2015","2015","tonnes","1295","","Donnée officielle"
"TP","Cultures et produits animaux","20","Botswana","5610","Importations - Quantité","1058","Viande, volaille","2018","2018","tonnes","2584","","Donnée officielle"
"TP","Cultures et produits animaux","21","Brésil","5610","Importations - Quantité","1058","Viande, volaille","2015","2015","tonnes","4038","","Donnée officielle"
"TP","Cultures et produits animaux","21","Brésil","5610","Importations - Quantité","1058","Viande, volaille","2018","2018","tonnes","3396","","Donnée officielle"
"TP","Cultures et produits animaux","26","Brunéi Darussalam","5610","Importations - Quantité","1058","Viande, volaille","2015","2015","tonnes","1141","","Donnée officielle"
"TP","Cultures et produits animaux","26","Brunéi Darussalam","5610","Importations - Quantité","1058","Viande, volaille","2018","2018","tonnes","1328","","Donnée officielle"
"TP","Cultures et produits animaux","27","Bulgarie","5610","Importations - Quantité","1058","Viande, volaille","2015","2015","tonnes","84872","","Donnée officielle"
"TP","Cultures et produits animaux","27","Bulgarie","5610","Importations - Quantité","1058","Viande, volaille","2018","2018","tonnes","96874","","Donnée officielle"
"TP","Cultures et produits animaux","233","Burkina Faso","5610","Importations - Quantité","1058","Viande, volaille","2015","2015","tonnes","36","","Donnée officielle"
"TP","Cultures et produits animaux","233","Burkina Faso","5610","Importations - Quantité","1058","Viande, volaille","2018","2018","tonnes","63","","Donnée officielle"
"TP","Cultures et produits animaux","29","Burundi","5610","Importations - Quantité","1058","Viande, volaille","2015","2015","tonnes","1","","Donnée officielle"
"TP","Cultures et produits animaux","29","Burundi","5610","Importations - Quantité","1058","Viande, volaille","2018","2018","tonnes","0","","Donnée officielle"
"TP","Cultures et produits animaux","35","Cabo Verde","5610","Importations - Quantité","1058","Viande, volaille","2015","2015","tonnes","8134","","Donnée officielle"
"TP","Cultures et produits animaux","35","Cabo Verde","5610","Importations - Quantité","1058","Viande, volaille","2018","2018","tonnes","11803","","Donnée officielle"
"TP","Cultures et produits animaux","115","Cambodge","5610","Importations - Quantité","1058","Viande, volaille","2015","2015","tonnes","6","","Donnée officielle"
"TP","Cultures et produits animaux","115","Cambodge","5610","Importations - Quantité","1058","Viande, volaille","2018","2018","tonnes","11927","R","Données estimées en utilisant les données des pays partenaires"
"TP","Cultures et produits animaux","32","Cameroun","5610","Importations - Quantité","1058","Viande, volaille","2015","2015","tonnes","112","","Donnée officielle"
"TP","Cultures et produits animaux","32","Cameroun","5610","Importations - Quantité","1058","Viande, volaille","2018","2018","tonnes","1352","R","Données estimées en utilisant les données des pays partenaires"
"TP","Cultures et produits animaux","33","Canada","5610","Importations - Quantité","1058","Viande, volaille","2015","2015","tonnes","176282","Im","Données de la FAO basées sur une méthodologie d'imputation"
"TP","Cultures et produits animaux","33","Canada","5610","Importations - Quantité","1058","Viande, volaille","2018","2018","tonnes","138100","","Donnée officielle"
"TP","Cultures et produits animaux","40","Chili","5610","Importations - Quantité","1058","Viande, volaille","2015","2015","tonnes","100681","Im","Données de la FAO basées sur une méthodologie d'imputation"
"TP","Cultures et produits animaux","40","Chili","5610","Importations - Quantité","1058","Viande, volaille","2018","2018","tonnes","138728","","Donnée officielle"
"TP","Cultures et produits animaux","351","Chine","5610","Importations - Quantité","1058","Viande, volaille","2015","2015","tonnes","1278612","A","Agrégat, peut inclure des données officielles, semi-officielles, estimées ou calculées"
"TP","Cultures et produits animaux","351","Chine","5610","Importations - Quantité","1058","Viande, volaille","2018","2018","tonnes","1409816","A","Agrégat, peut inclure des données officielles, semi-officielles, estimées ou calculées"
"TP","Cultures et produits animaux","96","Chine - RAS de Hong-Kong","5610","Importations - Quantité","1058","Viande, volaille","2015","2015","tonnes","689391","","Donnée officielle"
"TP","Cultures et produits animaux","96","Chine - RAS de Hong-Kong","5610","Importations - Quantité","1058","Viande, volaille","2018","2018","tonnes","672694","","Donnée officielle"
"TP","Cultures et produits animaux","128","Chine - RAS de Macao","5610","Importations - Quantité","1058","Viande, volaille","2015","2015","tonnes","15100","","Donnée officielle"
"TP","Cultures et produits animaux","128","Chine - RAS de Macao","5610","Importations - Quantité","1058","Viande, volaille","2018","2018","tonnes","20722","R","Données estimées en utilisant les données des pays partenaires"
"TP","Cultures et produits animaux","41","Chine, continentale","5610","Importations - Quantité","1058","Viande, volaille","2015","2015","tonnes","394275","","Donnée officielle"
"TP","Cultures et produits animaux","41","Chine, continentale","5610","Importations - Quantité","1058","Viande, volaille","2018","2018","tonnes","502221","","Donnée officielle"
"TP","Cultures et produits animaux","214","Chine, Taiwan Province de","5610","Importations - Quantité","1058","Viande, volaille","2015","2015","tonnes","179846","","Donnée officielle"
"TP","Cultures et produits animaux","214","Chine, Taiwan Province de","5610","Importations - Quantité","1058","Viande, volaille","2018","2018","tonnes","214179","","Donnée officielle"
"TP","Cultures et produits animaux","50","Chypre","5610","Importations - Quantité","1058","Viande, volaille","2015","2015","tonnes","9125","","Donnée officielle"
"TP","Cultures et produits animaux","50","Chypre","5610","Importations - Quantité","1058","Viande, volaille","2018","2018","tonnes","10050","","Donnée officielle"
"TP","Cultures et produits animaux","44","Colombie","5610","Importations - Quantité","1058","Viande, volaille","2015","2015","tonnes","29820","","Donnée officielle"
"TP","Cultures et produits animaux","44","Colombie","5610","Importations - Quantité","1058","Viande, volaille","2018","2018","tonnes","67773","","Donnée officielle"
"TP","Cultures et produits animaux","45","Comores","5610","Importations - Quantité","1058","Viande, volaille","2015","2015","tonnes","9540","R","Données estimées en utilisant les données des pays partenaires"
"TP","Cultures et produits animaux","45","Comores","5610","Importations - Quantité","1058","Viande, volaille","2018","2018","tonnes","14681","R","Données estimées en utilisant les données des pays partenaires"
"TP","Cultures et produits animaux","46","Congo","5610","Importations - Quantité","1058","Viande, volaille","2015","2015","tonnes","62546","","Donnée officielle"
"TP","Cultures et produits animaux","46","Congo","5610","Importations - Quantité","1058","Viande, volaille","2018","2018","tonnes","105195","","Donnée officielle"
"TP","Cultures et produits animaux","48","Costa Rica","5610","Importations - Quantité","1058","Viande, volaille","2015","2015","tonnes","7372","","Donnée officielle"
"TP","Cultures et produits animaux","48","Costa Rica","5610","Importations - Quantité","1058","Viande, volaille","2018","2018","tonnes","10336","","Donnée officielle"
"TP","Cultures et produits animaux","107","Côte d'Ivoire","5610","Importations - Quantité","1058","Viande, volaille","2015","2015","tonnes","161","","Donnée officielle"
"TP","Cultures et produits animaux","107","Côte d'Ivoire","5610","Importations - Quantité","1058","Viande, volaille","2018","2018","tonnes","547","","Donnée officielle"
"TP","Cultures et produits animaux","98","Croatie","5610","Importations - Quantité","1058","Viande, volaille","2015","2015","tonnes","12945","","Donnée officielle"
"TP","Cultures et produits animaux","98","Croatie","5610","Importations - Quantité","1058","Viande, volaille","2018","2018","tonnes","14062","","Donnée officielle"
"TP","Cultures et produits animaux","49","Cuba","5610","Importations - Quantité","1058","Viande, volaille","2015","2015","tonnes","178891","","Donnée officielle"
"TP","Cultures et produits animaux","49","Cuba","5610","Importations - Quantité","1058","Viande, volaille","2018","2018","tonnes","279486","","Donnée officielle"
"TP","Cultures et produits animaux","54","Danemark","5610","Importations - Quantité","1058","Viande, volaille","2015","2015","tonnes","29128","","Donnée officielle"
"TP","Cultures et produits animaux","54","Danemark","5610","Importations - Quantité","1058","Viande, volaille","2018","2018","tonnes","37826","","Donnée officielle"
"TP","Cultures et produits animaux","72","Djibouti","5610","Importations - Quantité","1058","Viande, volaille","2015","2015","tonnes","1878","R","Données estimées en utilisant les données des pays partenaires"
"TP","Cultures et produits animaux","72","Djibouti","5610","Importations - Quantité","1058","Viande, volaille","2018","2018","tonnes","3111","R","Données estimées en utilisant les données des pays partenaires"
"TP","Cultures et produits animaux","55","Dominique","5610","Importations - Quantité","1058","Viande, volaille","2015","2015","tonnes","3790","R","Données estimées en utilisant les données des pays partenaires"
"TP","Cultures et produits animaux","55","Dominique","5610","Importations - Quantité","1058","Viande, volaille","2018","2018","tonnes","3916","R","Données estimées en utilisant les données des pays partenaires"
"TP","Cultures et produits animaux","59","Égypte","5610","Importations - Quantité","1058","Viande, volaille","2015","2015","tonnes","78907","R","Données estimées en utilisant les données des pays partenaires"
"TP","Cultures et produits animaux","59","Égypte","5610","Importations - Quantité","1058","Viande, volaille","2018","2018","tonnes","43495","Im","Données de la FAO basées sur une méthodologie d'imputation"
"TP","Cultures et produits animaux","60","El Salvador","5610","Importations - Quantité","1058","Viande, volaille","2015","2015","tonnes","11398","","Donnée officielle"
"TP","Cultures et produits animaux","60","El Salvador","5610","Importations - Quantité","1058","Viande, volaille","2018","2018","tonnes","13078","","Donnée officielle"
"TP","Cultures et produits animaux","225","Émirats arabes unis","5610","Importations - Quantité","1058","Viande, volaille","2015","2015","tonnes","526492","","Donnée officielle"
"TP","Cultures et produits animaux","225","Émirats arabes unis","5610","Importations - Quantité","1058","Viande, volaille","2018","2018","tonnes","591186","","Donnée officielle"
"TP","Cultures et produits animaux","178","Érythrée","5610","Importations - Quantité","1058","Viande, volaille","2015","2015","tonnes","59","R","Données estimées en utilisant les données des pays partenaires"
"TP","Cultures et produits animaux","178","Érythrée","5610","Importations - Quantité","1058","Viande, volaille","2018","2018","tonnes","56","R","Données estimées en utilisant les données des pays partenaires"
"TP","Cultures et produits animaux","203","Espagne","5610","Importations - Quantité","1058","Viande, volaille","2015","2015","tonnes","89204","","Donnée officielle"
"TP","Cultures et produits animaux","203","Espagne","5610","Importations - Quantité","1058","Viande, volaille","2018","2018","tonnes","120981","","Donnée officielle"
"TP","Cultures et produits animaux","63","Estonie","5610","Importations - Quantité","1058","Viande, volaille","2015","2015","tonnes","14802","","Donnée officielle"
"TP","Cultures et produits animaux","63","Estonie","5610","Importations - Quantité","1058","Viande, volaille","2018","2018","tonnes","22010","","Donnée officielle"
"TP","Cultures et produits animaux","209","Eswatini","5610","Importations - Quantité","1058","Viande, volaille","2015","2015","tonnes","1166","Im","Données de la FAO basées sur une méthodologie d'imputation"
"TP","Cultures et produits animaux","209","Eswatini","5610","Importations - Quantité","1058","Viande, volaille","2018","2018","tonnes","1556","","Donnée officielle"
"TP","Cultures et produits animaux","231","États-Unis d'Amérique","5610","Importations - Quantité","1058","Viande, volaille","2015","2015","tonnes","59970","","Donnée officielle"
"TP","Cultures et produits animaux","231","États-Unis d'Amérique","5610","Importations - Quantité","1058","Viande, volaille","2018","2018","tonnes","63960","","Donnée officielle"
"TP","Cultures et produits animaux","238","Éthiopie","5610","Importations - Quantité","1058","Viande, volaille","2015","2015","tonnes","113","","Donnée officielle"
"TP","Cultures et produits animaux","238","Éthiopie","5610","Importations - Quantité","1058","Viande, volaille","2018","2018","tonnes","161","","Donnée officielle"
"TP","Cultures et produits animaux","185","Fédération de Russie","5610","Importations - Quantité","1058","Viande, volaille","2015","2015","tonnes","242342","","Donnée officielle"
"TP","Cultures et produits animaux","185","Fédération de Russie","5610","Importations - Quantité","1058","Viande, volaille","2018","2018","tonnes","216866","","Donnée officielle"
"TP","Cultures et produits animaux","66","Fidji","5610","Importations - Quantité","1058","Viande, volaille","2015","2015","tonnes","983","","Donnée officielle"
"TP","Cultures et produits animaux","66","Fidji","5610","Importations - Quantité","1058","Viande, volaille","2018","2018","tonnes","4126","","Donnée officielle"
"TP","Cultures et produits animaux","67","Finlande","5610","Importations - Quantité","1058","Viande, volaille","2015","2015","tonnes","4247","","Donnée officielle"
"TP","Cultures et produits animaux","67","Finlande","5610","Importations - Quantité","1058","Viande, volaille","2018","2018","tonnes","5155","","Donnée officielle"
"TP","Cultures et produits animaux","68","France","5610","Importations - Quantité","1058","Viande, volaille","2015","2015","tonnes","347871","","Donnée officielle"
"TP","Cultures et produits animaux","68","France","5610","Importations - Quantité","1058","Viande, volaille","2018","2018","tonnes","383588","","Donnée officielle"
"TP","Cultures et produits animaux","74","Gabon","5610","Importations - Quantité","1058","Viande, volaille","2015","2015","tonnes","68656","R","Données estimées en utilisant les données des pays partenaires"
"TP","Cultures et produits animaux","74","Gabon","5610","Importations - Quantité","1058","Viande, volaille","2018","2018","tonnes","64961","R","Données estimées en utilisant les données des pays partenaires"
"TP","Cultures et produits animaux","75","Gambie","5610","Importations - Quantité","1058","Viande, volaille","2015","2015","tonnes","12547","","Donnée officielle"
"TP","Cultures et produits animaux","75","Gambie","5610","Importations - Quantité","1058","Viande, volaille","2018","2018","tonnes","20834","","Donnée officielle"
"TP","Cultures et produits animaux","73","Géorgie","5610","Importations - Quantité","1058","Viande, volaille","2015","2015","tonnes","40310","","Donnée officielle"
"TP","Cultures et produits animaux","73","Géorgie","5610","Importations - Quantité","1058","Viande, volaille","2018","2018","tonnes","48529","","Donnée officielle"
"TP","Cultures et produits animaux","81","Ghana","5610","Importations - Quantité","1058","Viande, volaille","2015","2015","tonnes","115335","R","Données estimées en utilisant les données des pays partenaires"
"TP","Cultures et produits animaux","81","Ghana","5610","Importations - Quantité","1058","Viande, volaille","2018","2018","tonnes","201813","","Donnée officielle"
"TP","Cultures et produits animaux","84","Grèce","5610","Importations - Quantité","1058","Viande, volaille","2015","2015","tonnes","45871","","Donnée officielle"
"TP","Cultures et produits animaux","84","Grèce","5610","Importations - Quantité","1058","Viande, volaille","2018","2018","tonnes","55728","","Donnée officielle"
"TP","Cultures et produits animaux","86","Grenade","5610","Importations - Quantité","1058","Viande, volaille","2015","2015","tonnes","6443","R","Données estimées en utilisant les données des pays partenaires"
"TP","Cultures et produits animaux","86","Grenade","5610","Importations - Quantité","1058","Viande, volaille","2018","2018","tonnes","6101","R","Données estimées en utilisant les données des pays partenaires"
"TP","Cultures et produits animaux","89","Guatemala","5610","Importations - Quantité","1058","Viande, volaille","2015","2015","tonnes","107163","","Donnée officielle"
"TP","Cultures et produits animaux","89","Guatemala","5610","Importations - Quantité","1058","Viande, volaille","2018","2018","tonnes","125660","","Donnée officielle"
"TP","Cultures et produits animaux","90","Guinée","5610","Importations - Quantité","1058","Viande, volaille","2015","2015","tonnes","15678","","Donnée officielle"
"TP","Cultures et produits animaux","90","Guinée","5610","Importations - Quantité","1058","Viande, volaille","2018","2018","tonnes","37328","R","Données estimées en utilisant les données des pays partenaires"
"TP","Cultures et produits animaux","61","Guinée équatoriale","5610","Importations - Quantité","1058","Viande, volaille","2015","2015","tonnes","21032","R","Données estimées en utilisant les données des pays partenaires"
"TP","Cultures et produits animaux","61","Guinée équatoriale","5610","Importations - Quantité","1058","Viande, volaille","2018","2018","tonnes","19966","R","Données estimées en utilisant les données des pays partenaires"
"TP","Cultures et produits animaux","175","Guinée-Bissau","5610","Importations - Quantité","1058","Viande, volaille","2015","2015","tonnes","2561","R","Données estimées en utilisant les données des pays partenaires"
"TP","Cultures et produits animaux","175","Guinée-Bissau","5610","Importations - Quantité","1058","Viande, volaille","2018","2018","tonnes","3502","R","Données estimées en utilisant les données des pays partenaires"
"TP","Cultures et produits animaux","91","Guyana","5610","Importations - Quantité","1058","Viande, volaille","2015","2015","tonnes","531","","Donnée officielle"
"TP","Cultures et produits animaux","91","Guyana","5610","Importations - Quantité","1058","Viande, volaille","2018","2018","tonnes","108","*","Chiffre non officiel"
"TP","Cultures et produits animaux","93","Haïti","5610","Importations - Quantité","1058","Viande, volaille","2015","2015","tonnes","80498","R","Données estimées en utilisant les données des pays partenaires"
"TP","Cultures et produits animaux","93","Haïti","5610","Importations - Quantité","1058","Viande, volaille","2018","2018","tonnes","94812","R","Données estimées en utilisant les données des pays partenaires"
"TP","Cultures et produits animaux","95","Honduras","5610","Importations - Quantité","1058","Viande, volaille","2015","2015","tonnes","11672","","Donnée officielle"
"TP","Cultures et produits animaux","95","Honduras","5610","Importations - Quantité","1058","Viande, volaille","2018","2018","tonnes","11325","","Donnée officielle"
"TP","Cultures et produits animaux","97","Hongrie","5610","Importations - Quantité","1058","Viande, volaille","2015","2015","tonnes","22281","","Donnée officielle"
"TP","Cultures et produits animaux","97","Hongrie","5610","Importations - Quantité","1058","Viande, volaille","2018","2018","tonnes","38418","","Donnée officielle"
"TP","Cultures et produits animaux","47","Îles Cook","5610","Importations - Quantité","1058","Viande, volaille","2015","2015","tonnes","1147","R","Données estimées en utilisant les données des pays partenaires"
"TP","Cultures et produits animaux","47","Îles Cook","5610","Importations - Quantité","1058","Viande, volaille","2018","2018","tonnes","1478","R","Données estimées en utilisant les données des pays partenaires"
"TP","Cultures et produits animaux","64","Îles Féroé","5610","Importations - Quantité","1058","Viande, volaille","2015","2015","tonnes","422","R","Données estimées en utilisant les données des pays partenaires"
"TP","Cultures et produits animaux","64","Îles Féroé","5610","Importations - Quantité","1058","Viande, volaille","2018","2018","tonnes","307","R","Données estimées en utilisant les données des pays partenaires"
"TP","Cultures et produits animaux","25","Îles Salomon","5610","Importations - Quantité","1058","Viande, volaille","2015","2015","tonnes","2513","R","Données estimées en utilisant les données des pays partenaires"
"TP","Cultures et produits animaux","25","Îles Salomon","5610","Importations - Quantité","1058","Viande, volaille","2018","2018","tonnes","3840","Im","Données de la FAO basées sur une méthodologie d'imputation"
"TP","Cultures et produits animaux","100","Inde","5610","Importations - Quantité","1058","Viande, volaille","2015","2015","tonnes","6","","Donnée officielle"
"TP","Cultures et produits animaux","100","Inde","5610","Importations - Quantité","1058","Viande, volaille","2018","2018","tonnes","99","","Donnée officielle"
"TP","Cultures et produits animaux","101","Indonésie","5610","Importations - Quantité","1058","Viande, volaille","2018","2018","tonnes","0","","Donnée officielle"
"TP","Cultures et produits animaux","102","Iran (République islamique d')","5610","Importations - Quantité","1058","Viande, volaille","2015","2015","tonnes","2685","*","Chiffre non officiel"
"TP","Cultures et produits animaux","102","Iran (République islamique d')","5610","Importations - Quantité","1058","Viande, volaille","2018","2018","tonnes","2947","*","Chiffre non officiel"
"TP","Cultures et produits animaux","103","Iraq","5610","Importations - Quantité","1058","Viande, volaille","2015","2015","tonnes","244900","F","Estimation FAO"
"TP","Cultures et produits animaux","103","Iraq","5610","Importations - Quantité","1058","Viande, volaille","2018","2018","tonnes","206047","","Donnée officielle"
"TP","Cultures et produits animaux","104","Irlande","5610","Importations - Quantité","1058","Viande, volaille","2015","2015","tonnes","101107","","Donnée officielle"
"TP","Cultures et produits animaux","104","Irlande","5610","Importations - Quantité","1058","Viande, volaille","2018","2018","tonnes","74719","","Donnée officielle"
"TP","Cultures et produits animaux","99","Islande","5610","Importations - Quantité","1058","Viande, volaille","2015","2015","tonnes","796","","Donnée officielle"
"TP","Cultures et produits animaux","99","Islande","5610","Importations - Quantité","1058","Viande, volaille","2018","2018","tonnes","972","","Donnée officielle"
"TP","Cultures et produits animaux","106","Italie","5610","Importations - Quantité","1058","Viande, volaille","2015","2015","tonnes","51884","","Donnée officielle"
"TP","Cultures et produits animaux","106","Italie","5610","Importations - Quantité","1058","Viande, volaille","2018","2018","tonnes","48787","","Donnée officielle"
"TP","Cultures et produits animaux","109","Jamaïque","5610","Importations - Quantité","1058","Viande, volaille","2015","2015","tonnes","32970","","Donnée officielle"
"TP","Cultures et produits animaux","109","Jamaïque","5610","Importations - Quantité","1058","Viande, volaille","2018","2018","tonnes","23863","R","Données estimées en utilisant les données des pays partenaires"
"TP","Cultures et produits animaux","110","Japon","5610","Importations - Quantité","1058","Viande, volaille","2015","2015","tonnes","529533","","Donnée officielle"
"TP","Cultures et produits animaux","110","Japon","5610","Importations - Quantité","1058","Viande, volaille","2018","2018","tonnes","560381","","Donnée officielle"
"TP","Cultures et produits animaux","112","Jordanie","5610","Importations - Quantité","1058","Viande, volaille","2015","2015","tonnes","77348","","Donnée officielle"
"TP","Cultures et produits animaux","112","Jordanie","5610","Importations - Quantité","1058","Viande, volaille","2018","2018","tonnes","55619","","Donnée officielle"
"TP","Cultures et produits animaux","108","Kazakhstan","5610","Importations - Quantité","1058","Viande, volaille","2015","2015","tonnes","160291","","Donnée officielle"
"TP","Cultures et produits animaux","108","Kazakhstan","5610","Importations - Quantité","1058","Viande, volaille","2018","2018","tonnes","188614","","Donnée officielle"
"TP","Cultures et produits animaux","114","Kenya","5610","Importations - Quantité","1058","Viande, volaille","2018","2018","tonnes","792","","Donnée officielle"
"TP","Cultures et produits animaux","113","Kirghizistan","5610","Importations - Quantité","1058","Viande, volaille","2015","2015","tonnes","18995","","Donnée officielle"
"TP","Cultures et produits animaux","113","Kirghizistan","5610","Importations - Quantité","1058","Viande, volaille","2018","2018","tonnes","26528","","Donnée officielle"
"TP","Cultures et produits animaux","83","Kiribati","5610","Importations - Quantité","1058","Viande, volaille","2015","2015","tonnes","961","","Donnée officielle"
"TP","Cultures et produits animaux","83","Kiribati","5610","Importations - Quantité","1058","Viande, volaille","2018","2018","tonnes","1568","R","Données estimées en utilisant les données des pays partenaires"
"TP","Cultures et produits animaux","118","Koweït","5610","Importations - Quantité","1058","Viande, volaille","2015","2015","tonnes","122425","","Donnée officielle"
"TP","Cultures et produits animaux","118","Koweït","5610","Importations - Quantité","1058","Viande, volaille","2018","2018","tonnes","140601","","Donnée officielle"
"TP","Cultures et produits animaux","122","Lesotho","5610","Importations - Quantité","1058","Viande, volaille","2015","2015","tonnes","14964","R","Données estimées en utilisant les données des pays partenaires"
"TP","Cultures et produits animaux","122","Lesotho","5610","Importations - Quantité","1058","Viande, volaille","2018","2018","tonnes","16919","R","Données estimées en utilisant les données des pays partenaires"
"TP","Cultures et produits animaux","119","Lettonie","5610","Importations - Quantité","1058","Viande, volaille","2015","2015","tonnes","20438","","Donnée officielle"
"TP","Cultures et produits animaux","119","Lettonie","5610","Importations - Quantité","1058","Viande, volaille","2018","2018","tonnes","37896","","Donnée officielle"
"TP","Cultures et produits animaux","121","Liban","5610","Importations - Quantité","1058","Viande, volaille","2015","2015","tonnes","9854","","Donnée officielle"
"TP","Cultures et produits animaux","121","Liban","5610","Importations - Quantité","1058","Viande, volaille","2018","2018","tonnes","5947","","Donnée officielle"
"TP","Cultures et produits animaux","123","Libéria","5610","Importations - Quantité","1058","Viande, volaille","2015","2015","tonnes","32583","R","Données estimées en utilisant les données des pays partenaires"
"TP","Cultures et produits animaux","123","Libéria","5610","Importations - Quantité","1058","Viande, volaille","2018","2018","tonnes","27543","R","Données estimées en utilisant les données des pays partenaires"
"TP","Cultures et produits animaux","124","Libye","5610","Importations - Quantité","1058","Viande, volaille","2015","2015","tonnes","88124","R","Données estimées en utilisant les données des pays partenaires"
"TP","Cultures et produits animaux","124","Libye","5610","Importations - Quantité","1058","Viande, volaille","2018","2018","tonnes","122274","R","Données estimées en utilisant les données des pays partenaires"
"TP","Cultures et produits animaux","126","Lituanie","5610","Importations - Quantité","1058","Viande, volaille","2015","2015","tonnes","32970","","Donnée officielle"
"TP","Cultures et produits animaux","126","Lituanie","5610","Importations - Quantité","1058","Viande, volaille","2018","2018","tonnes","35034","","Donnée officielle"
"TP","Cultures et produits animaux","256","Luxembourg","5610","Importations - Quantité","1058","Viande, volaille","2015","2015","tonnes","6952","","Donnée officielle"
"TP","Cultures et produits animaux","256","Luxembourg","5610","Importations - Quantité","1058","Viande, volaille","2018","2018","tonnes","7816","","Donnée officielle"
"TP","Cultures et produits animaux","154","Macédoine du Nord","5610","Importations - Quantité","1058","Viande, volaille","2015","2015","tonnes","34789","","Donnée officielle"
"TP","Cultures et produits animaux","154","Macédoine du Nord","5610","Importations - Quantité","1058","Viande, volaille","2018","2018","tonnes","37154","","Donnée officielle"
"TP","Cultures et produits animaux","129","Madagascar","5610","Importations - Quantité","1058","Viande, volaille","2015","2015","tonnes","6","","Donnée officielle"
"TP","Cultures et produits animaux","131","Malaisie","5610","Importations - Quantité","1058","Viande, volaille","2015","2015","tonnes","55898","","Donnée officielle"
"TP","Cultures et produits animaux","131","Malaisie","5610","Importations - Quantité","1058","Viande, volaille","2018","2018","tonnes","71410","","Donnée officielle"
"TP","Cultures et produits animaux","130","Malawi","5610","Importations - Quantité","1058","Viande, volaille","2015","2015","tonnes","182","","Donnée officielle"
"TP","Cultures et produits animaux","130","Malawi","5610","Importations - Quantité","1058","Viande, volaille","2018","2018","tonnes","295","R","Données estimées en utilisant les données des pays partenaires"
"TP","Cultures et produits animaux","132","Maldives","5610","Importations - Quantité","1058","Viande, volaille","2015","2015","tonnes","10114","","Donnée officielle"
"TP","Cultures et produits animaux","132","Maldives","5610","Importations - Quantité","1058","Viande, volaille","2018","2018","tonnes","12485","","Donnée officielle"
"TP","Cultures et produits animaux","133","Mali","5610","Importations - Quantité","1058","Viande, volaille","2015","2015","tonnes","416","R","Données estimées en utilisant les données des pays partenaires"
"TP","Cultures et produits animaux","133","Mali","5610","Importations - Quantité","1058","Viande, volaille","2018","2018","tonnes","175","R","Données estimées en utilisant les données des pays partenaires"
"TP","Cultures et produits animaux","134","Malte","5610","Importations - Quantité","1058","Viande, volaille","2015","2015","tonnes","5449","","Donnée officielle"
"TP","Cultures et produits animaux","134","Malte","5610","Importations - Quantité","1058","Viande, volaille","2018","2018","tonnes","5516","","Donnée officielle"
"TP","Cultures et produits animaux","143","Maroc","5610","Importations - Quantité","1058","Viande, volaille","2015","2015","tonnes","447","","Donnée officielle"
"TP","Cultures et produits animaux","143","Maroc","5610","Importations - Quantité","1058","Viande, volaille","2018","2018","tonnes","338","","Donnée officielle"
"TP","Cultures et produits animaux","137","Maurice","5610","Importations - Quantité","1058","Viande, volaille","2015","2015","tonnes","198","","Donnée officielle"
"TP","Cultures et produits animaux","137","Maurice","5610","Importations - Quantité","1058","Viande, volaille","2018","2018","tonnes","175","","Donnée officielle"
"TP","Cultures et produits animaux","136","Mauritanie","5610","Importations - Quantité","1058","Viande, volaille","2015","2015","tonnes","24108","R","Données estimées en utilisant les données des pays partenaires"
"TP","Cultures et produits animaux","136","Mauritanie","5610","Importations - Quantité","1058","Viande, volaille","2018","2018","tonnes","25565","","Donnée officielle"
"TP","Cultures et produits animaux","138","Mexique","5610","Importations - Quantité","1058","Viande, volaille","2015","2015","tonnes","777035","","Donnée officielle"
"TP","Cultures et produits animaux","138","Mexique","5610","Importations - Quantité","1058","Viande, volaille","2018","2018","tonnes","803932","","Donnée officielle"
"TP","Cultures et produits animaux","141","Mongolie","5610","Importations - Quantité","1058","Viande, volaille","2015","2015","tonnes","5799","","Donnée officielle"
"TP","Cultures et produits animaux","141","Mongolie","5610","Importations - Quantité","1058","Viande, volaille","2018","2018","tonnes","11642","","Donnée officielle"
"TP","Cultures et produits animaux","273","Monténégro","5610","Importations - Quantité","1058","Viande, volaille","2015","2015","tonnes","6337","","Donnée officielle"
"TP","Cultures et produits animaux","273","Monténégro","5610","Importations - Quantité","1058","Viande, volaille","2018","2018","tonnes","7268","","Donnée officielle"
"TP","Cultures et produits animaux","144","Mozambique","5610","Importations - Quantité","1058","Viande, volaille","2015","2015","tonnes","22594","","Donnée officielle"
"TP","Cultures et produits animaux","144","Mozambique","5610","Importations - Quantité","1058","Viande, volaille","2018","2018","tonnes","22288","R","Données estimées en utilisant les données des pays partenaires"
"TP","Cultures et produits animaux","28","Myanmar","5610","Importations - Quantité","1058","Viande, volaille","2018","2018","tonnes","191","","Donnée officielle"
"TP","Cultures et produits animaux","147","Namibie","5610","Importations - Quantité","1058","Viande, volaille","2015","2015","tonnes","24052","","Donnée officielle"
"TP","Cultures et produits animaux","147","Namibie","5610","Importations - Quantité","1058","Viande, volaille","2018","2018","tonnes","25793","Im","Données de la FAO basées sur une méthodologie d'imputation"
"TP","Cultures et produits animaux","148","Nauru","5610","Importations - Quantité","1058","Viande, volaille","2015","2015","tonnes","484","R","Données estimées en utilisant les données des pays partenaires"
"TP","Cultures et produits animaux","148","Nauru","5610","Importations - Quantité","1058","Viande, volaille","2018","2018","tonnes","553","R","Données estimées en utilisant les données des pays partenaires"
"TP","Cultures et produits animaux","149","Népal","5610","Importations - Quantité","1058","Viande, volaille","2015","2015","tonnes","53","","Donnée officielle"
"TP","Cultures et produits animaux","149","Népal","5610","Importations - Quantité","1058","Viande, volaille","2018","2018","tonnes","181","R","Données estimées en utilisant les données des pays partenaires"
"TP","Cultures et produits animaux","157","Nicaragua","5610","Importations - Quantité","1058","Viande, volaille","2015","2015","tonnes","6553","","Donnée officielle"
"TP","Cultures et produits animaux","157","Nicaragua","5610","Importations - Quantité","1058","Viande, volaille","2018","2018","tonnes","5600","","Donnée officielle"
"TP","Cultures et produits animaux","158","Niger","5610","Importations - Quantité","1058","Viande, volaille","2015","2015","tonnes","4828","","Donnée officielle"
"TP","Cultures et produits animaux","158","Niger","5610","Importations - Quantité","1058","Viande, volaille","2018","2018","tonnes","1485","R","Données estimées en utilisant les données des pays partenaires"
"TP","Cultures et produits animaux","159","Nigéria","5610","Importations - Quantité","1058","Viande, volaille","2018","2018","tonnes","15672","R","Données estimées en utilisant les données des pays partenaires"
"TP","Cultures et produits animaux","160","Nioué","5610","Importations - Quantité","1058","Viande, volaille","2015","2015","tonnes","125","R","Données estimées en utilisant les données des pays partenaires"
"TP","Cultures et produits animaux","160","Nioué","5610","Importations - Quantité","1058","Viande, volaille","2018","2018","tonnes","63","R","Données estimées en utilisant les données des pays partenaires"
"TP","Cultures et produits animaux","162","Norvège","5610","Importations - Quantité","1058","Viande, volaille","2015","2015","tonnes","612","","Donnée officielle"
"TP","Cultures et produits animaux","162","Norvège","5610","Importations - Quantité","1058","Viande, volaille","2018","2018","tonnes","550","","Donnée officielle"
"TP","Cultures et produits animaux","153","Nouvelle-Calédonie","5610","Importations - Quantité","1058","Viande, volaille","2015","2015","tonnes","8375","","Donnée officielle"
"TP","Cultures et produits animaux","153","Nouvelle-Calédonie","5610","Importations - Quantité","1058","Viande, volaille","2018","2018","tonnes","8181","R","Données estimées en utilisant les données des pays partenaires"
"TP","Cultures et produits animaux","156","Nouvelle-Zélande","5610","Importations - Quantité","1058","Viande, volaille","2015","2015","tonnes","0","","Donnée officielle"
"TP","Cultures et produits animaux","221","Oman","5610","Importations - Quantité","1058","Viande, volaille","2015","2015","tonnes","114274","","Donnée officielle"
"TP","Cultures et produits animaux","221","Oman","5610","Importations - Quantité","1058","Viande, volaille","2018","2018","tonnes","117284","","Donnée officielle"
"TP","Cultures et produits animaux","226","Ouganda","5610","Importations - Quantité","1058","Viande, volaille","2015","2015","tonnes","259","","Donnée officielle"
"TP","Cultures et produits animaux","226","Ouganda","5610","Importations - Quantité","1058","Viande, volaille","2018","2018","tonnes","327","","Donnée officielle"
"TP","Cultures et produits animaux","235","Ouzbékistan","5610","Importations - Quantité","1058","Viande, volaille","2015","2015","tonnes","14118","R","Données estimées en utilisant les données des pays partenaires"
"TP","Cultures et produits animaux","235","Ouzbékistan","5610","Importations - Quantité","1058","Viande, volaille","2018","2018","tonnes","6248","","Donnée officielle"
"TP","Cultures et produits animaux","165","Pakistan","5610","Importations - Quantité","1058","Viande, volaille","2015","2015","tonnes","44","","Donnée officielle"
"TP","Cultures et produits animaux","165","Pakistan","5610","Importations - Quantité","1058","Viande, volaille","2018","2018","tonnes","319","","Donnée officielle"
"TP","Cultures et produits animaux","299","Palestine","5610","Importations - Quantité","1058","Viande, volaille","2015","2015","tonnes","7181","*","Chiffre non officiel"
"TP","Cultures et produits animaux","299","Palestine","5610","Importations - Quantité","1058","Viande, volaille","2018","2018","tonnes","9390","","Donnée officielle"
"TP","Cultures et produits animaux","166","Panama","5610","Importations - Quantité","1058","Viande, volaille","2015","2015","tonnes","11077","","Donnée officielle"
"TP","Cultures et produits animaux","166","Panama","5610","Importations - Quantité","1058","Viande, volaille","2018","2018","tonnes","14005","R","Données estimées en utilisant les données des pays partenaires"
"TP","Cultures et produits animaux","168","Papouasie-Nouvelle-Guinée","5610","Importations - Quantité","1058","Viande, volaille","2015","2015","tonnes","14455","R","Données estimées en utilisant les données des pays partenaires"
"TP","Cultures et produits animaux","168","Papouasie-Nouvelle-Guinée","5610","Importations - Quantité","1058","Viande, volaille","2018","2018","tonnes","18006","R","Données estimées en utilisant les données des pays partenaires"
"TP","Cultures et produits animaux","150","Pays-Bas","5610","Importations - Quantité","1058","Viande, volaille","2015","2015","tonnes","273219","","Donnée officielle"
"TP","Cultures et produits animaux","150","Pays-Bas","5610","Importations - Quantité","1058","Viande, volaille","2018","2018","tonnes","380381","","Donnée officielle"
"TP","Cultures et produits animaux","170","Pérou","5610","Importations - Quantité","1058","Viande, volaille","2015","2015","tonnes","25933","","Donnée officielle"
"TP","Cultures et produits animaux","170","Pérou","5610","Importations - Quantité","1058","Viande, volaille","2018","2018","tonnes","57661","","Donnée officielle"
"TP","Cultures et produits animaux","171","Philippines","5610","Importations - Quantité","1058","Viande, volaille","2015","2015","tonnes","167763","","Donnée officielle"
"TP","Cultures et produits animaux","171","Philippines","5610","Importations - Quantité","1058","Viande, volaille","2018","2018","tonnes","276597","","Donnée officielle"
"TP","Cultures et produits animaux","173","Pologne","5610","Importations - Quantité","1058","Viande, volaille","2015","2015","tonnes","16022","","Donnée officielle"
"TP","Cultures et produits animaux","173","Pologne","5610","Importations - Quantité","1058","Viande, volaille","2018","2018","tonnes","53302","","Donnée officielle"
"TP","Cultures et produits animaux","70","Polynésie française","5610","Importations - Quantité","1058","Viande, volaille","2015","2015","tonnes","15004","","Donnée officielle"
"TP","Cultures et produits animaux","70","Polynésie française","5610","Importations - Quantité","1058","Viande, volaille","2018","2018","tonnes","15293","R","Données estimées en utilisant les données des pays partenaires"
"TP","Cultures et produits animaux","174","Portugal","5610","Importations - Quantité","1058","Viande, volaille","2015","2015","tonnes","32308","","Donnée officielle"
"TP","Cultures et produits animaux","174","Portugal","5610","Importations - Quantité","1058","Viande, volaille","2018","2018","tonnes","43730","","Donnée officielle"
"TP","Cultures et produits animaux","179","Qatar","5610","Importations - Quantité","1058","Viande, volaille","2015","2015","tonnes","113078","","Donnée officielle"
"TP","Cultures et produits animaux","179","Qatar","5610","Importations - Quantité","1058","Viande, volaille","2018","2018","tonnes","118476","","Donnée officielle"
"TP","Cultures et produits animaux","212","République arabe syrienne","5610","Importations - Quantité","1058","Viande, volaille","2015","2015","tonnes","22300","R","Données estimées en utilisant les données des pays partenaires"
"TP","Cultures et produits animaux","212","République arabe syrienne","5610","Importations - Quantité","1058","Viande, volaille","2018","2018","tonnes","18276","R","Données estimées en utilisant les données des pays partenaires"
"TP","Cultures et produits animaux","37","République centrafricaine","5610","Importations - Quantité","1058","Viande, volaille","2015","2015","tonnes","2694","R","Données estimées en utilisant les données des pays partenaires"
"TP","Cultures et produits animaux","37","République centrafricaine","5610","Importations - Quantité","1058","Viande, volaille","2018","2018","tonnes","5730","","Donnée officielle"
"TP","Cultures et produits animaux","117","République de Corée","5610","Importations - Quantité","1058","Viande, volaille","2015","2015","tonnes","99886","","Donnée officielle"
"TP","Cultures et produits animaux","117","République de Corée","5610","Importations - Quantité","1058","Viande, volaille","2018","2018","tonnes","132483","","Donnée officielle"
"TP","Cultures et produits animaux","146","République de Moldova","5610","Importations - Quantité","1058","Viande, volaille","2015","2015","tonnes","15442","","Donnée officielle"
"TP","Cultures et produits animaux","146","République de Moldova","5610","Importations - Quantité","1058","Viande, volaille","2018","2018","tonnes","14363","","Donnée officielle"
"TP","Cultures et produits animaux","250","République démocratique du Congo","5610","Importations - Quantité","1058","Viande, volaille","2015","2015","tonnes","81722","R","Données estimées en utilisant les données des pays partenaires"
"TP","Cultures et produits animaux","250","République démocratique du Congo","5610","Importations - Quantité","1058","Viande, volaille","2018","2018","tonnes","116480","R","Données estimées en utilisant les données des pays partenaires"
"TP","Cultures et produits animaux","120","République démocratique populaire lao","5610","Importations - Quantité","1058","Viande, volaille","2015","2015","tonnes","42403","*","Chiffre non officiel"
"TP","Cultures et produits animaux","120","République démocratique populaire lao","5610","Importations - Quantité","1058","Viande, volaille","2018","2018","tonnes","38431","R","Données estimées en utilisant les données des pays partenaires"
"TP","Cultures et produits animaux","56","République dominicaine","5610","Importations - Quantité","1058","Viande, volaille","2015","2015","tonnes","9456","Im","Données de la FAO basées sur une méthodologie d'imputation"
"TP","Cultures et produits animaux","56","République dominicaine","5610","Importations - Quantité","1058","Viande, volaille","2018","2018","tonnes","10112","Im","Données de la FAO basées sur une méthodologie d'imputation"
"TP","Cultures et produits animaux","116","République populaire démocratique de Corée","5610","Importations - Quantité","1058","Viande, volaille","2018","2018","tonnes","56","R","Données estimées en utilisant les données des pays partenaires"
"TP","Cultures et produits animaux","215","République-Unie de Tanzanie","5610","Importations - Quantité","1058","Viande, volaille","2015","2015","tonnes","308","","Donnée officielle"
"TP","Cultures et produits animaux","215","République-Unie de Tanzanie","5610","Importations - Quantité","1058","Viande, volaille","2018","2018","tonnes","1126","","Donnée officielle"
"TP","Cultures et produits animaux","183","Roumanie","5610","Importations - Quantité","1058","Viande, volaille","2015","2015","tonnes","100412","","Donnée officielle"
"TP","Cultures et produits animaux","183","Roumanie","5610","Importations - Quantité","1058","Viande, volaille","2018","2018","tonnes","105781","","Donnée officielle"
"TP","Cultures et produits animaux","229","Royaume-Uni de Grande-Bretagne et d'Irlande du Nord","5610","Importations - Quantité","1058","Viande, volaille","2015","2015","tonnes","360051","","Donnée officielle"
"TP","Cultures et produits animaux","229","Royaume-Uni de Grande-Bretagne et d'Irlande du Nord","5610","Importations - Quantité","1058","Viande, volaille","2018","2018","tonnes","382643","","Donnée officielle"
"TP","Cultures et produits animaux","184","Rwanda","5610","Importations - Quantité","1058","Viande, volaille","2015","2015","tonnes","12","","Donnée officielle"
"TP","Cultures et produits animaux","184","Rwanda","5610","Importations - Quantité","1058","Viande, volaille","2018","2018","tonnes","1","","Donnée officielle"
"TP","Cultures et produits animaux","189","Sainte-Lucie","5610","Importations - Quantité","1058","Viande, volaille","2015","2015","tonnes","8647","R","Données estimées en utilisant les données des pays partenaires"
"TP","Cultures et produits animaux","189","Sainte-Lucie","5610","Importations - Quantité","1058","Viande, volaille","2018","2018","tonnes","3544","","Donnée officielle"
"TP","Cultures et produits animaux","188","Saint-Kitts-et-Nevis","5610","Importations - Quantité","1058","Viande, volaille","2015","2015","tonnes","2724","Im","Données de la FAO basées sur une méthodologie d'imputation"
"TP","Cultures et produits animaux","188","Saint-Kitts-et-Nevis","5610","Importations - Quantité","1058","Viande, volaille","2018","2018","tonnes","3377","R","Données estimées en utilisant les données des pays partenaires"
"TP","Cultures et produits animaux","191","Saint-Vincent-et-les Grenadines","5610","Importations - Quantité","1058","Viande, volaille","2015","2015","tonnes","7510","","Donnée officielle"
"TP","Cultures et produits animaux","191","Saint-Vincent-et-les Grenadines","5610","Importations - Quantité","1058","Viande, volaille","2018","2018","tonnes","7219","","Donnée officielle"
"TP","Cultures et produits animaux","244","Samoa","5610","Importations - Quantité","1058","Viande, volaille","2015","2015","tonnes","10904","","Donnée officielle"
"TP","Cultures et produits animaux","244","Samoa","5610","Importations - Quantité","1058","Viande, volaille","2018","2018","tonnes","16640","","Donnée officielle"
"TP","Cultures et produits animaux","193","Sao Tomé-et-Principe","5610","Importations - Quantité","1058","Viande, volaille","2015","2015","tonnes","1855","","Donnée officielle"
"TP","Cultures et produits animaux","193","Sao Tomé-et-Principe","5610","Importations - Quantité","1058","Viande, volaille","2018","2018","tonnes","2208","","Donnée officielle"
"TP","Cultures et produits animaux","195","Sénégal","5610","Importations - Quantité","1058","Viande, volaille","2015","2015","tonnes","6","","Donnée officielle"
"TP","Cultures et produits animaux","195","Sénégal","5610","Importations - Quantité","1058","Viande, volaille","2018","2018","tonnes","31","","Donnée officielle"
"TP","Cultures et produits animaux","272","Serbie","5610","Importations - Quantité","1058","Viande, volaille","2015","2015","tonnes","9735","","Donnée officielle"
"TP","Cultures et produits animaux","272","Serbie","5610","Importations - Quantité","1058","Viande, volaille","2018","2018","tonnes","11456","","Donnée officielle"
"TP","Cultures et produits animaux","196","Seychelles","5610","Importations - Quantité","1058","Viande, volaille","2015","2015","tonnes","2309","","Donnée officielle"
"TP","Cultures et produits animaux","196","Seychelles","5610","Importations - Quantité","1058","Viande, volaille","2018","2018","tonnes","3210","","Donnée officielle"
"TP","Cultures et produits animaux","197","Sierra Leone","5610","Importations - Quantité","1058","Viande, volaille","2015","2015","tonnes","16685","R","Données estimées en utilisant les données des pays partenaires"
"TP","Cultures et produits animaux","197","Sierra Leone","5610","Importations - Quantité","1058","Viande, volaille","2018","2018","tonnes","17695","R","Données estimées en utilisant les données des pays partenaires"
"TP","Cultures et produits animaux","200","Singapour","5610","Importations - Quantité","1058","Viande, volaille","2015","2015","tonnes","120049","","Donnée officielle"
"TP","Cultures et produits animaux","200","Singapour","5610","Importations - Quantité","1058","Viande, volaille","2018","2018","tonnes","135619","","Donnée officielle"
"TP","Cultures et produits animaux","199","Slovaquie","5610","Importations - Quantité","1058","Viande, volaille","2015","2015","tonnes","39870","","Donnée officielle"
"TP","Cultures et produits animaux","199","Slovaquie","5610","Importations - Quantité","1058","Viande, volaille","2018","2018","tonnes","73736","","Donnée officielle"
"TP","Cultures et produits animaux","198","Slovénie","5610","Importations - Quantité","1058","Viande, volaille","2015","2015","tonnes","11699","","Donnée officielle"
"TP","Cultures et produits animaux","198","Slovénie","5610","Importations - Quantité","1058","Viande, volaille","2018","2018","tonnes","13661","","Donnée officielle"
"TP","Cultures et produits animaux","201","Somalie","5610","Importations - Quantité","1058","Viande, volaille","2015","2015","tonnes","1598","R","Données estimées en utilisant les données des pays partenaires"
"TP","Cultures et produits animaux","201","Somalie","5610","Importations - Quantité","1058","Viande, volaille","2018","2018","tonnes","3495","R","Données estimées en utilisant les données des pays partenaires"
"TP","Cultures et produits animaux","276","Soudan","5610","Importations - Quantité","1058","Viande, volaille","2015","2015","tonnes","573","","Donnée officielle"
"TP","Cultures et produits animaux","276","Soudan","5610","Importations - Quantité","1058","Viande, volaille","2018","2018","tonnes","1011","*","Chiffre non officiel"
"TP","Cultures et produits animaux","277","Soudan du Sud","5610","Importations - Quantité","1058","Viande, volaille","2015","2015","tonnes","818","R","Données estimées en utilisant les données des pays partenaires"
"TP","Cultures et produits animaux","277","Soudan du Sud","5610","Importations - Quantité","1058","Viande, volaille","2018","2018","tonnes","1102","R","Données estimées en utilisant les données des pays partenaires"
"TP","Cultures et produits animaux","38","Sri Lanka","5610","Importations - Quantité","1058","Viande, volaille","2015","2015","tonnes","513","","Donnée officielle"
"TP","Cultures et produits animaux","38","Sri Lanka","5610","Importations - Quantité","1058","Viande, volaille","2018","2018","tonnes","193","R","Données estimées en utilisant les données des pays partenaires"
"TP","Cultures et produits animaux","210","Suède","5610","Importations - Quantité","1058","Viande, volaille","2015","2015","tonnes","47596","","Donnée officielle"
"TP","Cultures et produits animaux","210","Suède","5610","Importations - Quantité","1058","Viande, volaille","2018","2018","tonnes","50129","","Donnée officielle"
"TP","Cultures et produits animaux","211","Suisse","5610","Importations - Quantité","1058","Viande, volaille","2015","2015","tonnes","37173","","Donnée officielle"
"TP","Cultures et produits animaux","211","Suisse","5610","Importations - Quantité","1058","Viande, volaille","2018","2018","tonnes","30720","","Donnée officielle"
"TP","Cultures et produits animaux","207","Suriname","5610","Importations - Quantité","1058","Viande, volaille","2015","2015","tonnes","24026","R","Données estimées en utilisant les données des pays partenaires"
"TP","Cultures et produits animaux","207","Suriname","5610","Importations - Quantité","1058","Viande, volaille","2018","2018","tonnes","17129","","Donnée officielle"
"TP","Cultures et produits animaux","208","Tadjikistan","5610","Importations - Quantité","1058","Viande, volaille","2015","2015","tonnes","30772","R","Données estimées en utilisant les données des pays partenaires"
"TP","Cultures et produits animaux","208","Tadjikistan","5610","Importations - Quantité","1058","Viande, volaille","2018","2018","tonnes","11050","*","Chiffre non officiel"
"TP","Cultures et produits animaux","39","Tchad","5610","Importations - Quantité","1058","Viande, volaille","2015","2015","tonnes","936","R","Données estimées en utilisant les données des pays partenaires"
"TP","Cultures et produits animaux","39","Tchad","5610","Importations - Quantité","1058","Viande, volaille","2018","2018","tonnes","1114","R","Données estimées en utilisant les données des pays partenaires"
"TP","Cultures et produits animaux","167","Tchéquie","5610","Importations - Quantité","1058","Viande, volaille","2015","2015","tonnes","87471","","Donnée officielle"
"TP","Cultures et produits animaux","167","Tchéquie","5610","Importations - Quantité","1058","Viande, volaille","2018","2018","tonnes","82586","","Donnée officielle"
"TP","Cultures et produits animaux","216","Thaïlande","5610","Importations - Quantité","1058","Viande, volaille","2015","2015","tonnes","3601","","Donnée officielle"
"TP","Cultures et produits animaux","216","Thaïlande","5610","Importations - Quantité","1058","Viande, volaille","2018","2018","tonnes","1176","","Donnée officielle"
"TP","Cultures et produits animaux","176","Timor-Leste","5610","Importations - Quantité","1058","Viande, volaille","2015","2015","tonnes","6095","R","Données estimées en utilisant les données des pays partenaires"
"TP","Cultures et produits animaux","176","Timor-Leste","5610","Importations - Quantité","1058","Viande, volaille","2018","2018","tonnes","9254","R","Données estimées en utilisant les données des pays partenaires"
"TP","Cultures et produits animaux","217","Togo","5610","Importations - Quantité","1058","Viande, volaille","2015","2015","tonnes","19380","","Donnée officielle"
"TP","Cultures et produits animaux","217","Togo","5610","Importations - Quantité","1058","Viande, volaille","2018","2018","tonnes","17423","","Donnée officielle"
"TP","Cultures et produits animaux","219","Tonga","5610","Importations - Quantité","1058","Viande, volaille","2015","2015","tonnes","9440","R","Données estimées en utilisant les données des pays partenaires"
"TP","Cultures et produits animaux","219","Tonga","5610","Importations - Quantité","1058","Viande, volaille","2018","2018","tonnes","12755","R","Données estimées en utilisant les données des pays partenaires"
"TP","Cultures et produits animaux","220","Trinité-et-Tobago","5610","Importations - Quantité","1058","Viande, volaille","2015","2015","tonnes","743","","Donnée officielle"
"TP","Cultures et produits animaux","220","Trinité-et-Tobago","5610","Importations - Quantité","1058","Viande, volaille","2018","2018","tonnes","20586","R","Données estimées en utilisant les données des pays partenaires"
"TP","Cultures et produits animaux","222","Tunisie","5610","Importations - Quantité","1058","Viande, volaille","2015","2015","tonnes","74","","Donnée officielle"
"TP","Cultures et produits animaux","222","Tunisie","5610","Importations - Quantité","1058","Viande, volaille","2018","2018","tonnes","1602","","Donnée officielle"
"TP","Cultures et produits animaux","213","Turkménistan","5610","Importations - Quantité","1058","Viande, volaille","2015","2015","tonnes","10135","R","Données estimées en utilisant les données des pays partenaires"
"TP","Cultures et produits animaux","213","Turkménistan","5610","Importations - Quantité","1058","Viande, volaille","2018","2018","tonnes","31261","R","Données estimées en utilisant les données des pays partenaires"
"TP","Cultures et produits animaux","223","Turquie","5610","Importations - Quantité","1058","Viande, volaille","2015","2015","tonnes","887","","Donnée officielle"
"TP","Cultures et produits animaux","223","Turquie","5610","Importations - Quantité","1058","Viande, volaille","2018","2018","tonnes","5869","","Donnée officielle"
"TP","Cultures et produits animaux","227","Tuvalu","5610","Importations - Quantité","1058","Viande, volaille","2015","2015","tonnes","456","R","Données estimées en utilisant les données des pays partenaires"
"TP","Cultures et produits animaux","227","Tuvalu","5610","Importations - Quantité","1058","Viande, volaille","2018","2018","tonnes","698","R","Données estimées en utilisant les données des pays partenaires"
"TP","Cultures et produits animaux","230","Ukraine","5610","Importations - Quantité","1058","Viande, volaille","2015","2015","tonnes","55812","","Donnée officielle"
"TP","Cultures et produits animaux","230","Ukraine","5610","Importations - Quantité","1058","Viande, volaille","2018","2018","tonnes","121750","","Donnée officielle"
"TP","Cultures et produits animaux","234","Uruguay","5610","Importations - Quantité","1058","Viande, volaille","2015","2015","tonnes","128","","Donnée officielle"
"TP","Cultures et produits animaux","234","Uruguay","5610","Importations - Quantité","1058","Viande, volaille","2018","2018","tonnes","1459","","Donnée officielle"
"TP","Cultures et produits animaux","155","Vanuatu","5610","Importations - Quantité","1058","Viande, volaille","2015","2015","tonnes","2318","R","Données estimées en utilisant les données des pays partenaires"
"TP","Cultures et produits animaux","155","Vanuatu","5610","Importations - Quantité","1058","Viande, volaille","2018","2018","tonnes","3778","R","Données estimées en utilisant les données des pays partenaires"
"TP","Cultures et produits animaux","236","Venezuela (République bolivarienne du)","5610","Importations - Quantité","1058","Viande, volaille","2015","2015","tonnes","132795","","Donnée officielle"
"TP","Cultures et produits animaux","236","Venezuela (République bolivarienne du)","5610","Importations - Quantité","1058","Viande, volaille","2018","2018","tonnes","2676","","Donnée officielle"
"TP","Cultures et produits animaux","237","Viet Nam","5610","Importations - Quantité","1058","Viande, volaille","2015","2015","tonnes","75743","Im","Données de la FAO basées sur une méthodologie d'imputation"
"TP","Cultures et produits animaux","237","Viet Nam","5610","Importations - Quantité","1058","Viande, volaille","2018","2018","tonnes","159352","Im","Données de la FAO basées sur une méthodologie d'imputation"
"TP","Cultures et produits animaux","249","Yémen","5610","Importations - Quantité","1058","Viande, volaille","2015","2015","tonnes","55401","","Donnée officielle"
"TP","Cultures et produits animaux","249","Yémen","5610","Importations - Quantité","1058","Viande, volaille","2018","2018","tonnes","95992","*","Chiffre non officiel"
"TP","Cultures et produits animaux","251","Zambie","5610","Importations - Quantité","1058","Viande, volaille","2015","2015","tonnes","7088","","Donnée officielle"
"TP","Cultures et produits animaux","251","Zambie","5610","Importations - Quantité","1058","Viande, volaille","2018","2018","tonnes","10540","","Donnée officielle"
"TP","Cultures et produits animaux","181","Zimbabwe","5610","Importations - Quantité","1058","Viande, volaille","2015","2015","tonnes","7969","","Donnée officielle"
"TP","Cultures et produits animaux","181","Zimbabwe","5610","Importations - Quantité","1058","Viande, volaille","2018","2018","tonnes","3758","","Donnée officielle"
